doc_id	title	text	category
1	원	원 기타 미분류	기타 > 미분류
2	메디필 멜라논엑스 기미크림 30 ml	메디필 멜라논엑스 기미크림 30 ml 뷰티/위생 스킨케어	뷰티/위생 > 스킨케어
3	템포롤화장지(24 m)	템포롤화장지(24 m) 뷰티/위생 화장지/물티슈	뷰티/위생 > 화장지/물티슈
4	[펫] 고슴도치 애견 인형 베이지	[펫] 고슴도치 애견 인형 베이지 인테리어/원예 인테리어소품	인테리어/원예 > 인테리어소품
5	동구밭 더 간편한 세탁조 크리너 10개입	동구밭 더 간편한 세탁조 크리너 10개입 청소/욕실 세탁용품	청소/욕실 > 세탁용품
6	에끌라 깨끗한 물티슈 150 매 (캡형)	에끌라 깨끗한 물티슈 150 매 (캡형) 뷰티/위생 화장지/물티슈	뷰티/위생 > 화장지/물티슈
7	VT PDRN 광채시트마스크 1매 25 g	VT PDRN 광채시트마스크 1매 25 g 기타 미분류	기타 > 미분류
8	VT PDRN 광채토너 200 ml	VT PDRN 광채토너 200 ml 뷰티/위생 스킨케어	뷰티/위생 > 스킨케어
9	미모랑 마이크로 진정 패치 대형 6매입	미모랑 마이크로 진정 패치 대형 6매입 뷰티/위생 스킨케어	뷰티/위생 > 스킨케어
10	네오셀 알카라인건전지 LR6 AA 10개입	네오셀 알카라인건전지 LR6 AA 10개입 공구/디지털 건전지	공구/디지털 > 건전지
11	윙크걸헤어 노세범파우더(5 g)	윙크걸헤어 노세범파우더(5 g) 기타 미분류	기타 > 미분류
12	네오셀 알카라인 건전지 LR03 AAA 16개입	네오셀 알카라인 건전지 LR03 AAA 16개입 공구/디지털 건전지	공구/디지털 > 건전지
13	대형 방석 핫팩	대형 방석 핫팩 뷰티/위생 스킨케어	뷰티/위생 > 스킨케어
14	블랙 머리끈 40개입	블랙 머리끈 40개입 뷰티/위생 미용소품	뷰티/위생 > 미용소품
15	더랩 바이 블랑두 클리어 히알 물광 틴티드 커버 크림 40 ml	더랩 바이 블랑두 클리어 히알 물광 틴티드 커버 크림 40 ml 뷰티/위생 스킨케어	뷰티/위생 > 스킨케어
16	슬림 테두리 아트 프레임 15.3 X 20.3 cm 핑크	슬림 테두리 아트 프레임 15.3 X 20.3 cm 핑크 기타 미분류	기타 > 미분류
17	[펫] 아침애 동애등에 사료 200 g (10g당 100원)	[펫] 아침애 동애등에 사료 200 g (10g당 100원) 반려동물 반려동물공통	반려동물 > 반려동물공통
18	사각 메쉬 책상 바구니 1호 27X21X5.5cm	사각 메쉬 책상 바구니 1호 27X21X5.5cm 수납/정리 수납함	수납/정리 > 수납함
19	3중 청소용 스펀지 2P	3중 청소용 스펀지 2P 청소/욕실 청소도구	청소/욕실 > 청소도구
20	네오셀 알카라인 건전지 LR6 AA 16개입	네오셀 알카라인 건전지 LR6 AA 16개입 공구/디지털 건전지	공구/디지털 > 건전지
21	[펫] 더독 슬라이스 사사미 36 g 치킨	[펫] 더독 슬라이스 사사미 36 g 치킨 반려동물 반려동물공통	반려동물 > 반려동물공통
22	3M 스카치 박스테이프 투명 40m	3M 스카치 박스테이프 투명 40m 문구/팬시 사무용품	문구/팬시 > 사무용품
23	엠보싱 물티슈 110매입	엠보싱 물티슈 110매입 뷰티/위생 화장지/물티슈	뷰티/위생 > 화장지/물티슈
24	스테인리스 원형 수세미	스테인리스 원형 수세미 주방용품 주방잡화	주방용품 > 주방잡화
25	철판 화이트보드 20X30cm	철판 화이트보드 20X30cm 기타 미분류	기타 > 미분류
26	VT 리들샷 100 페이셜 부스팅 퍼스트 앰플 2ml*6개입	VT 리들샷 100 페이셜 부스팅 퍼스트 앰플 2ml*6개입 반려동물 강아지용품	반려동물 > 강아지용품
27	히말라야 핑크 솔트 비누 90g	히말라야 핑크 솔트 비누 90g 청소/욕실 욕실용품	청소/욕실 > 욕실용품
28	고급 세로형 쇼핑백 베이지 S	고급 세로형 쇼핑백 베이지 S 기타 미분류	기타 > 미분류
29	네스카페 수프리모 골드 마일드 커피믹스 20개입	네스카페 수프리모 골드 마일드 커피믹스 20개입 식품 음료	식품 > 음료
30	필터 샤워헤드 전용 리필 필터 3개입	필터 샤워헤드 전용 리필 필터 3개입 반려동물 강아지용품	반려동물 > 강아지용품
31	에탄올 청소포 50매입	에탄올 청소포 50매입 청소/욕실 청소도구	청소/욕실 > 청소도구
32	셀더마데일리 콜라겐 에센스겔 마스크 29 g	셀더마데일리 콜라겐 에센스겔 마스크 29 g 뷰티/위생 스킨케어	뷰티/위생 > 스킨케어
33	[펫] 더주스 치킨 힘줄 육포 닭고기 맛 70 g	[펫] 더주스 치킨 힘줄 육포 닭고기 맛 70 g 식품 음료	식품 > 음료
34	클리덤 리포좀 비타민C 잡티광앰플 30 ml	클리덤 리포좀 비타민C 잡티광앰플 30 ml 기타 미분류	기타 > 미분류
35	니트 바구니 2호	니트 바구니 2호 수납/정리 수납함	수납/정리 > 수납함
36	조임끈 비닐백 대형	조임끈 비닐백 대형 기타 미분류	기타 > 미분류
37	[펫] LG시리우스 윌 비프 스테이크 스틱 22 g (10g당 455원)	[펫] LG시리우스 윌 비프 스테이크 스틱 22 g (10g당 455원) 반려동물 반려동물공통	반려동물 > 반려동물공통
38	A4 카드 케이스	A4 카드 케이스 기타 미분류	기타 > 미분류
39	베베숲 센시티브 케어 물티슈 20매입	베베숲 센시티브 케어 물티슈 20매입 뷰티/위생 화장지/물티슈	뷰티/위생 > 화장지/물티슈
40	박 포인트 쇼핑백	박 포인트 쇼핑백 기타 미분류	기타 > 미분류
41	VT 리들샷 300 페이셜 부스팅 퍼스트 앰플 2ml*6개입	VT 리들샷 300 페이셜 부스팅 퍼스트 앰플 2ml*6개입 반려동물 강아지용품	반려동물 > 강아지용품
42	[펫] 몬스터 굿 라이프 시그니쳐 반려견용 주식캔 110 g 닭고기＆황태	[펫] 몬스터 굿 라이프 시그니쳐 반려견용 주식캔 110 g 닭고기＆황태 반려동물 반려동물공통	반려동물 > 반려동물공통
43	노비드 샴푸 쿨멘솔 500 ml	노비드 샴푸 쿨멘솔 500 ml 뷰티/위생 헤어/바디	뷰티/위생 > 헤어/바디
44	걸이형 제습제 200 g (화이트머스크향)	걸이형 제습제 200 g (화이트머스크향) 기타 미분류	기타 > 미분류
45	4스텝 일회용 샤워세트 5mX4매입	4스텝 일회용 샤워세트 5mX4매입 주방용품 일회용품	주방용품 > 일회용품
46	라이스 필링 캡슐팩	라이스 필링 캡슐팩 뷰티/위생 스킨케어	뷰티/위생 > 스킨케어
47	향락스 1kg (라벤더)	향락스 1kg (라벤더) 기타 미분류	기타 > 미분류
48	메모텍 파스텔 점착 메모 38 X 50 mm 320매입	메모텍 파스텔 점착 메모 38 X 50 mm 320매입 기타 미분류	기타 > 미분류
49	본셉 레티놀 2500 IU 링클샷 퍼펙터 15 ml	본셉 레티놀 2500 IU 링클샷 퍼펙터 15 ml 기타 미분류	기타 > 미분류
50	휘어지는 말랑핏 용기 1.6 L 버터옐로우	휘어지는 말랑핏 용기 1.6 L 버터옐로우 기타 미분류	기타 > 미분류
51	호올스 XS 멘토립터스 멘톨 향 캔디 15 g	호올스 XS 멘토립터스 멘톨 향 캔디 15 g 뷰티/위생 메이크업	뷰티/위생 > 메이크업
52	두꺼운 빅 사이즈 엠보싱 물티슈 80매입	두꺼운 빅 사이즈 엠보싱 물티슈 80매입 뷰티/위생 화장지/물티슈	뷰티/위생 > 화장지/물티슈
53	멀티 수납함 S	멀티 수납함 S 수납/정리 수납함	수납/정리 > 수납함
54	본셉 비타씨 동결 건조 더블샷 앰플 키트	본셉 비타씨 동결 건조 더블샷 앰플 키트 기타 미분류	기타 > 미분류
55	RGIII 레드진생 스칼프 토닉 100ml	RGIII 레드진생 스칼프 토닉 100ml 주방용품 조리도구	주방용품 > 조리도구
56	소프트행거 탭 48개입	소프트행거 탭 48개입 수납/정리 옷걸이/행거	수납/정리 > 옷걸이/행거
57	맥스 폭발 방지 부탄가스 4개입	맥스 폭발 방지 부탄가스 4개입 반려동물 강아지용품	반려동물 > 강아지용품
58	입속미인 마우스스프레이(유자)6.5ml	입속미인 마우스스프레이(유자)6.5ml 문구/팬시 학용품	문구/팬시 > 학용품
59	네일전용 미니 화장솜	네일전용 미니 화장솜 뷰티/위생 네일용품	뷰티/위생 > 네일용품
60	고급 세로형 쇼핑백 네이비 S	고급 세로형 쇼핑백 네이비 S 기타 미분류	기타 > 미분류
61	층간 소음 저감 테리 트임 거실화 ~270	층간 소음 저감 테리 트임 거실화 ~270 기타 미분류	기타 > 미분류
62	고탄력 밴드 대형 8매입	고탄력 밴드 대형 8매입 기타 미분류	기타 > 미분류
63	리필타입 주방세제 1L	리필타입 주방세제 1L 주방용품 주방잡화	주방용품 > 주방잡화
64	자연관 이뮨멀티비타민미네랄 4병	자연관 이뮨멀티비타민미네랄 4병 문구/팬시 학용품	문구/팬시 > 학용품
65	바이 리얼베리어 세라베이스 카밍 모이스처라이징 크림 50 ml	바이 리얼베리어 세라베이스 카밍 모이스처라이징 크림 50 ml 뷰티/위생 스킨케어	뷰티/위생 > 스킨케어
66	퍼피 광채쿠션 워터퍼프	퍼피 광채쿠션 워터퍼프 뷰티/위생 메이크업	뷰티/위생 > 메이크업
67	극세사 웰크리너 행주 (대) 1매입 핑크	극세사 웰크리너 행주 (대) 1매입 핑크 주방용품 주방잡화	주방용품 > 주방잡화
68	팩미인 핸드 케어 팩	팩미인 핸드 케어 팩 뷰티/위생 스킨케어	뷰티/위생 > 스킨케어
69	두툼한 물티슈 100매	두툼한 물티슈 100매 뷰티/위생 화장지/물티슈	뷰티/위생 > 화장지/물티슈
70	걸이형 제습제 200g	걸이형 제습제 200g 기타 미분류	기타 > 미분류
71	패딩 접이식 귀마개 네이비	패딩 접이식 귀마개 네이비 반려동물 강아지용품	반려동물 > 강아지용품
72	자연관 홍삼정 에너타임 10포	자연관 홍삼정 에너타임 10포 문구/팬시 학용품	문구/팬시 > 학용품
73	대웅제약 철분 30정 30일분	대웅제약 철분 30정 30일분 기타 미분류	기타 > 미분류
74	종근당건강 눈건강엔 루테인지아잔틴	종근당건강 눈건강엔 루테인지아잔틴 기타 미분류	기타 > 미분류
75	한입 100% 과탄산소다 600g	한입 100% 과탄산소다 600g 기타 미분류	기타 > 미분류
76	배수구뻥 1 kg	배수구뻥 1 kg 기타 미분류	기타 > 미분류
77	NEW 맘스크린 위생백 중형 400매입	NEW 맘스크린 위생백 중형 400매입 기타 미분류	기타 > 미분류
78	골드 아이패치 30매	골드 아이패치 30매 뷰티/위생 스킨케어	뷰티/위생 > 스킨케어
79	습식 물걸레 청소포 50매 레몬	습식 물걸레 청소포 50매 레몬 청소/욕실 청소도구	청소/욕실 > 청소도구
80	양푼이 24cm	양푼이 24cm 기타 미분류	기타 > 미분류
81	셀더마데일리 트랜스포밍 아줄렌카밍 마스크 28 g	셀더마데일리 트랜스포밍 아줄렌카밍 마스크 28 g 기타 미분류	기타 > 미분류
82	오피스_컬러쫄대파일(5개입)1000	오피스_컬러쫄대파일(5개입)1000 수납/정리 정리용품	수납/정리 > 정리용품
83	망간 건전지 R03 AAA 8개입	망간 건전지 R03 AAA 8개입 공구/디지털 건전지	공구/디지털 > 건전지
84	유리 양념통 290 ml 스푼 포함	유리 양념통 290 ml 스푼 포함 기타 미분류	기타 > 미분류
85	GUTK 키친 타월 200매입 1롤	GUTK 키친 타월 200매입 1롤 기타 미분류	기타 > 미분류
86	스틸 신축봉(13-16cm)2개입	스틸 신축봉(13-16cm)2개입 반려동물 강아지용품	반려동물 > 강아지용품
87	원형 네오디뮴 자석 23 mm	원형 네오디뮴 자석 23 mm 문구/팬시 학용품	문구/팬시 > 학용품
88	대웅제약 루테인 30정 30일분	대웅제약 루테인 30정 30일분 기타 미분류	기타 > 미분류
89	클리덤 저분자 콜라겐 탄력 마스크 1매입 (종근당건강)	클리덤 저분자 콜라겐 탄력 마스크 1매입 (종근당건강) 문구/팬시 학용품	문구/팬시 > 학용품
90	구연산 청소포 50매	구연산 청소포 50매 청소/욕실 청소도구	청소/욕실 > 청소도구
91	봉투 거치 분리수거함 48 L 라이트 그레이	봉투 거치 분리수거함 48 L 라이트 그레이 기타 미분류	기타 > 미분류
92	조임끈 비닐백 소형 3매입	조임끈 비닐백 소형 3매입 기타 미분류	기타 > 미분류
93	다용도 라탄 바구니 12호	다용도 라탄 바구니 12호 수납/정리 수납함	수납/정리 > 수납함
94	나무 스틱 둥근 면봉 500개입	나무 스틱 둥근 면봉 500개입 반려동물 강아지용품	반려동물 > 강아지용품
95	손잡이 분리수거 봉지 50 L 40매입	손잡이 분리수거 봉지 50 L 40매입 기타 미분류	기타 > 미분류
96	미모랑 마이크로 트러블 패치 소형 10매입	미모랑 마이크로 트러블 패치 소형 10매입 뷰티/위생 스킨케어	뷰티/위생 > 스킨케어
97	대웅제약 식물성 뉴티지 오메가3 30캡슐 30일분	대웅제약 식물성 뉴티지 오메가3 30캡슐 30일분 식품 음료	식품 > 음료
98	안국약품 토비콤 루테인 지아잔틴 미니 30캡슐	안국약품 토비콤 루테인 지아잔틴 미니 30캡슐 기타 미분류	기타 > 미분류
99	[펫] 더독 육포 한입 80 g 오리	[펫] 더독 육포 한입 80 g 오리 반려동물 반려동물공통	반려동물 > 반려동물공통
100	산리오 캐릭터 걸이인형 쿠로미	산리오 캐릭터 걸이인형 쿠로미 인테리어/원예 인테리어소품	인테리어/원예 > 인테리어소품
101	리큐 히말라야 핑크솔트 세탁 세제 1.6L	리큐 히말라야 핑크솔트 세탁 세제 1.6L 주방용품 주방잡화	주방용품 > 주방잡화
102	심플 다용도 양손잡이 주방 가위	심플 다용도 양손잡이 주방 가위 주방용품 조리도구	주방용품 > 조리도구
103	냉장고 탈취제 점보 420g (숯)	냉장고 탈취제 점보 420g (숯) 청소/욕실 방향/탈취	청소/욕실 > 방향/탈취
104	해피홈 멸균밴드 S 표준형 20매입	해피홈 멸균밴드 S 표준형 20매입 기타 미분류	기타 > 미분류
105	망사 수세미 3개입	망사 수세미 3개입 주방용품 주방잡화	주방용품 > 주방잡화
106	벨벳 뜨개실 40 g 베이지	벨벳 뜨개실 40 g 베이지 반려동물 강아지용품	반려동물 > 강아지용품
107	접시 스텐드	접시 스텐드 주방용품 식기/그릇	주방용품 > 식기/그릇
108	일회용 도마 시트 10매입	일회용 도마 시트 10매입 주방용품 조리도구	주방용품 > 조리도구
109	진공용기압축기	진공용기압축기 수납/정리 진공백	수납/정리 > 진공백
110	바세린 마스크팩 수분충전	바세린 마스크팩 수분충전 뷰티/위생 스킨케어	뷰티/위생 > 스킨케어
111	스팀베이스 데일리 아이워머 카모마일 향	스팀베이스 데일리 아이워머 카모마일 향 기타 미분류	기타 > 미분류
112	망간 건전지 R6 AA 8개입	망간 건전지 R6 AA 8개입 공구/디지털 건전지	공구/디지털 > 건전지
113	노브라 패치	노브라 패치 뷰티/위생 스킨케어	뷰티/위생 > 스킨케어
114	트윙클 벨벳 뜨개실 40 g 딥그린	트윙클 벨벳 뜨개실 40 g 딥그린 반려동물 강아지용품	반려동물 > 강아지용품
115	단색 펠트바닥 의자발 커버 4개입	단색 펠트바닥 의자발 커버 4개입 문구/팬시 학용품	문구/팬시 > 학용품
116	알루미늄 S후크 3개입 (소)	알루미늄 S후크 3개입 (소) 반려동물 강아지용품	반려동물 > 강아지용품
117	항균 미세모 칫솔 4P	항균 미세모 칫솔 4P 뷰티/위생 헤어/바디	뷰티/위생 > 헤어/바디
118	조임끈 비닐백 중형 2매입	조임끈 비닐백 중형 2매입 기타 미분류	기타 > 미분류
119	[입수 UP] 무지 종이컵 184 ml 50개입	[입수 UP] 무지 종이컵 184 ml 50개입 주방용품 잔/컵/물병	주방용품 > 잔/컵/물병
120	오브맘 눈건강 루테인 하루구미 30일분	오브맘 눈건강 루테인 하루구미 30일분 기타 미분류	기타 > 미분류
121	스팀베이스 데일리 아이워머 무화과 향	스팀베이스 데일리 아이워머 무화과 향 기타 미분류	기타 > 미분류
122	블루나 KF94 2D 마스크 블랙 중형 3매입	블루나 KF94 2D 마스크 블랙 중형 3매입 기타 미분류	기타 > 미분류
123	마이멜로디 아기천사 걸이 인형	마이멜로디 아기천사 걸이 인형 인테리어/원예 인테리어소품	인테리어/원예 > 인테리어소품
124	트윙클 벨벳 뜨개실 40 g 아이보리	트윙클 벨벳 뜨개실 40 g 아이보리 반려동물 강아지용품	반려동물 > 강아지용품
125	걸이＆스탠드 겸용 제습제 160 g	걸이＆스탠드 겸용 제습제 160 g 인테리어/원예 조명	인테리어/원예 > 조명
126	층층이 서랍장 중형	층층이 서랍장 중형 수납/정리 수납함	수납/정리 > 수납함
127	[국내] 진공 밀폐 용기 정사각 920ml	[국내] 진공 밀폐 용기 정사각 920ml 수납/정리 진공백	수납/정리 > 진공백
128	버섯모양 의자발 커버 4개입	버섯모양 의자발 커버 4개입 문구/팬시 학용품	문구/팬시 > 학용품
129	모나미 BP153 0.7 mm 5개입 검정	모나미 BP153 0.7 mm 5개입 검정 반려동물 강아지용품	반려동물 > 강아지용품
130	가온2칸나눔종지(약14 cm)	가온2칸나눔종지(약14 cm) 기타 미분류	기타 > 미분류
131	트윙클 벨벳 뜨개실 40 g 에메랄드그린	트윙클 벨벳 뜨개실 40 g 에메랄드그린 반려동물 강아지용품	반려동물 > 강아지용품
132	노랑 투명 테이프 12 mm X 25 m 4개입	노랑 투명 테이프 12 mm X 25 m 4개입 문구/팬시 사무용품	문구/팬시 > 사무용품
133	오브맘 비타민D＆아연 하루구미 30일분	오브맘 비타민D＆아연 하루구미 30일분 기타 미분류	기타 > 미분류
134	개인 정보 지우개 10 ml 라벤더 향	개인 정보 지우개 10 ml 라벤더 향 반려동물 강아지용품	반려동물 > 강아지용품
135	클리어 바구니 29.3X9.5X6.2cm	클리어 바구니 29.3X9.5X6.2cm 수납/정리 수납함	수납/정리 > 수납함
136	잘라 쓰는 소스병 300ml	잘라 쓰는 소스병 300ml 기타 미분류	기타 > 미분류
137	오브맘 멀티비타민＆미네랄 하루구미 30일분	오브맘 멀티비타민＆미네랄 하루구미 30일분 기타 미분류	기타 > 미분류
138	본셉 비타씨 크림 50 ml	본셉 비타씨 크림 50 ml 뷰티/위생 스킨케어	뷰티/위생 > 스킨케어
139	VT PDRN 광채에센스 2 ml 6개입	VT PDRN 광채에센스 2 ml 6개입 뷰티/위생 스킨케어	뷰티/위생 > 스킨케어
140	광천 재래 곱창 김 4 g X 3봉	광천 재래 곱창 김 4 g X 3봉 기타 미분류	기타 > 미분류
141	우레아 10 풋크림 100ml	우레아 10 풋크림 100ml 뷰티/위생 스킨케어	뷰티/위생 > 스킨케어
142	투명 박스 테이프 48 mm X 70 m	투명 박스 테이프 48 mm X 70 m 문구/팬시 사무용품	문구/팬시 > 사무용품
143	물티슈케이스	물티슈케이스 뷰티/위생 화장지/물티슈	뷰티/위생 > 화장지/물티슈
144	AHC 에이지리뉴 아이크림 링클 30 ml	AHC 에이지리뉴 아이크림 링클 30 ml 뷰티/위생 스킨케어	뷰티/위생 > 스킨케어
145	자석용 보조 설치판 3 X 3 cm 6개입	자석용 보조 설치판 3 X 3 cm 6개입 문구/팬시 학용품	문구/팬시 > 학용품
146	모노톤 펜꽂이 블랙	모노톤 펜꽂이 블랙 기타 미분류	기타 > 미분류
147	링링 유어솔루션 클리어케어 (벤잘코늄염화물)	링링 유어솔루션 클리어케어 (벤잘코늄염화물) 식품 음료	식품 > 음료
148	[펫] 이나바 트윈컵 테린 참치＆닭가슴살＆치어 35 g X 2개입	[펫] 이나바 트윈컵 테린 참치＆닭가슴살＆치어 35 g X 2개입 주방용품 잔/컵/물병	주방용품 > 잔/컵/물병
149	네오플램 스마트씰 원형 1.1L	네오플램 스마트씰 원형 1.1L 기타 미분류	기타 > 미분류
150	캡 뚜껑 소스병 대형 480 ml	캡 뚜껑 소스병 대형 480 ml 기타 미분류	기타 > 미분류
151	실리콘 용기 500 ml	실리콘 용기 500 ml 기타 미분류	기타 > 미분류
152	태화 베이킹소다 1kg	태화 베이킹소다 1kg 기타 미분류	기타 > 미분류
153	가방 잠금 솔트레지 12 mm 4개입 실버	가방 잠금 솔트레지 12 mm 4개입 실버 패션/잡화 가방/파우치	패션/잡화 > 가방/파우치
154	스푼 포함 3가지 타입 유리 양념통 300 ml	스푼 포함 3가지 타입 유리 양념통 300 ml 기타 미분류	기타 > 미분류
155	정사각 밀폐 용기 1 L 아이보리	정사각 밀폐 용기 1 L 아이보리 기타 미분류	기타 > 미분류
156	에그캡슐팩	에그캡슐팩 뷰티/위생 스킨케어	뷰티/위생 > 스킨케어
157	2단 도어스토퍼 2개입	2단 도어스토퍼 2개입 반려동물 강아지용품	반려동물 > 강아지용품
158	교체형 먼지떨이 리필 5개입	교체형 먼지떨이 리필 5개입 반려동물 강아지용품	반려동물 > 강아지용품
159	VT 리들샷 페이셜 리페어 EGF 에센스 2ml*6개입	VT 리들샷 페이셜 리페어 EGF 에센스 2ml*6개입 뷰티/위생 스킨케어	뷰티/위생 > 스킨케어
160	TV 전용 통합 리모컨	TV 전용 통합 리모컨 기타 미분류	기타 > 미분류
161	부착가능 봉 홀더 (2개입)	부착가능 봉 홀더 (2개입) 반려동물 강아지용품	반려동물 > 강아지용품
162	요리용 면 주머니 소 27X35cm	요리용 면 주머니 소 27X35cm 기타 미분류	기타 > 미분류
163	일본제 키링 디스플레이 케이스	일본제 키링 디스플레이 케이스 기타 미분류	기타 > 미분류
164	핸드 믹서기 모형 작동 완구	핸드 믹서기 모형 작동 완구 유아/완구 완구	유아/완구 > 완구
165	까망 고양이 스티커 4매입	까망 고양이 스티커 4매입 문구/팬시 노트/메모	문구/팬시 > 노트/메모
166	다리미 모형 전동 완구	다리미 모형 전동 완구 유아/완구 완구	유아/완구 > 완구
167	누렁이 스티커 4매입	누렁이 스티커 4매입 문구/팬시 노트/메모	문구/팬시 > 노트/메모
168	EVA 푹신 쿠션 슬리퍼 230~250 mm 옐로우	EVA 푹신 쿠션 슬리퍼 230~250 mm 옐로우 뷰티/위생 메이크업	뷰티/위생 > 메이크업
169	니트릴 장갑 120매 M 화이트	니트릴 장갑 120매 M 화이트 패션/잡화 우산/장갑	패션/잡화 > 우산/장갑
170	꽃다발 풍선	꽃다발 풍선 기타 미분류	기타 > 미분류
171	닥터오렌지 곰팡이 제거 젤 150g	닥터오렌지 곰팡이 제거 젤 150g 기타 미분류	기타 > 미분류
172	트래펑 배수관 세정제 1 L	트래펑 배수관 세정제 1 L 뷰티/위생 헤어/바디	뷰티/위생 > 헤어/바디
173	실리콘 용기 250 ml	실리콘 용기 250 ml 기타 미분류	기타 > 미분류
174	뚜껑 수납함 소형	뚜껑 수납함 소형 수납/정리 수납함	수납/정리 > 수납함
175	니트릴 장갑 화이트 대형 100매입	니트릴 장갑 화이트 대형 100매입 패션/잡화 우산/장갑	패션/잡화 > 우산/장갑
176	블루나 물티슈 90매 (캡형)	블루나 물티슈 90매 (캡형) 뷰티/위생 화장지/물티슈	뷰티/위생 > 화장지/물티슈
177	3M 스카치 다용도 테이프 디스펜서 12mmX21m	3M 스카치 다용도 테이프 디스펜서 12mmX21m 문구/팬시 사무용품	문구/팬시 > 사무용품
178	자우버 알콜 스왑 100매입	자우버 알콜 스왑 100매입 문구/팬시 학용품	문구/팬시 > 학용품
179	미니 LED 핸디 선풍기 그린	미니 LED 핸디 선풍기 그린 기타 미분류	기타 > 미분류
180	감성 편지 세트 4세트 핑크	감성 편지 세트 4세트 핑크 기타 미분류	기타 > 미분류
181	일체형 직사각 투명 정리함 약 16.5 X 9.5 X 9 cm	일체형 직사각 투명 정리함 약 16.5 X 9.5 X 9 cm 수납/정리 수납함	수납/정리 > 수납함
182	네오셀 알카라인 건전지 LR03 AAA 10개입	네오셀 알카라인 건전지 LR03 AAA 10개입 공구/디지털 건전지	공구/디지털 > 건전지
183	테니스공 의자 발 커버 소형 4개입 베이지	테니스공 의자 발 커버 소형 4개입 베이지 문구/팬시 학용품	문구/팬시 > 학용품
184	샤프란케어 섬유탈취제 900ml (싱그러운향)	샤프란케어 섬유탈취제 900ml (싱그러운향) 청소/욕실 방향/탈취	청소/욕실 > 방향/탈취
185	리틀트윈스타 얼굴 동전 지갑 라라	리틀트윈스타 얼굴 동전 지갑 라라 기타 미분류	기타 > 미분류
186	리빙 소프트팩 티슈 150매X3입	리빙 소프트팩 티슈 150매X3입 뷰티/위생 스킨케어	뷰티/위생 > 스킨케어
187	리틀트윈스타 얼굴 동전 지갑 키키	리틀트윈스타 얼굴 동전 지갑 키키 기타 미분류	기타 > 미분류
188	믹스 포인트 아크릴 뜨개실 40 g 크림	믹스 포인트 아크릴 뜨개실 40 g 크림 뷰티/위생 스킨케어	뷰티/위생 > 스킨케어
189	자석형 폴라로이드 꾸미기 액자 3개입	자석형 폴라로이드 꾸미기 액자 3개입 문구/팬시 학용품	문구/팬시 > 학용품
190	마데카 메디패치 프리컷 1매	마데카 메디패치 프리컷 1매 뷰티/위생 스킨케어	뷰티/위생 > 스킨케어
191	대형 비닐봉지 화이트 70L 10매	대형 비닐봉지 화이트 70L 10매 기타 미분류	기타 > 미분류
192	[입수 UP] 디자인 종이컵 184 ml 50개입	[입수 UP] 디자인 종이컵 184 ml 50개입 주방용품 잔/컵/물병	주방용품 > 잔/컵/물병
193	클리덤 리포좀 비타민C 톤미스트세럼 100 ml	클리덤 리포좀 비타민C 톤미스트세럼 100 ml 뷰티/위생 스킨케어	뷰티/위생 > 스킨케어
194	VT PDRN 광채리프팅마스크 1매 27 g+광채에센스 1.5 ml	VT PDRN 광채리프팅마스크 1매 27 g+광채에센스 1.5 ml 뷰티/위생 스킨케어	뷰티/위생 > 스킨케어
195	블루나 KF94 2D 마스크 블랙 대형 3매입	블루나 KF94 2D 마스크 블랙 대형 3매입 기타 미분류	기타 > 미분류
196	맘스크린 지퍼백 소 50매	맘스크린 지퍼백 소 50매 기타 미분류	기타 > 미분류
197	피규어 케이스 19.7 X 9 X 8 cm	피규어 케이스 19.7 X 9 X 8 cm 기타 미분류	기타 > 미분류
198	감자 캡슐팩	감자 캡슐팩 뷰티/위생 스킨케어	뷰티/위생 > 스킨케어
199	패브릭 커버 토마토 포켓 무선 노트 48매입	패브릭 커버 토마토 포켓 무선 노트 48매입 문구/팬시 노트/메모	문구/팬시 > 노트/메모
200	대웅제약 밀크씨슬 30정 30일분	대웅제약 밀크씨슬 30정 30일분 기타 미분류	기타 > 미분류
201	RGIII 레드진생 스칼프 샴푸 300ml	RGIII 레드진생 스칼프 샴푸 300ml 뷰티/위생 헤어/바디	뷰티/위생 > 헤어/바디
202	원스텝필링패드	원스텝필링패드 기타 미분류	기타 > 미분류
203	뽑아 쓰는 롱루프 걸레 20매입	뽑아 쓰는 롱루프 걸레 20매입 청소/욕실 청소도구	청소/욕실 > 청소도구
204	폭신폭신 소프트 뜨개실 40 g 아이보리	폭신폭신 소프트 뜨개실 40 g 아이보리 반려동물 강아지용품	반려동물 > 강아지용품
205	안개 분사 화장품 스프레이 80 ml	안개 분사 화장품 스프레이 80 ml 반려동물 강아지용품	반려동물 > 강아지용품
206	PP 투명 케이스 1호	PP 투명 케이스 1호 기타 미분류	기타 > 미분류
207	틈새 수납 정리대	틈새 수납 정리대 수납/정리 정리용품	수납/정리 > 정리용품
208	싸이닉 파워옴므 블랙립밤 4 g	싸이닉 파워옴므 블랙립밤 4 g 뷰티/위생 메이크업	뷰티/위생 > 메이크업
209	[한정수량] 닥터블릿 푸응 7Days 팻버닝 21캡슐 체크리스트 포함	[한정수량] 닥터블릿 푸응 7Days 팻버닝 21캡슐 체크리스트 포함 기타 미분류	기타 > 미분류
210	클리덤 리포좀 비타민C 캡슐잡티크림 55 ml	클리덤 리포좀 비타민C 캡슐잡티크림 55 ml 뷰티/위생 스킨케어	뷰티/위생 > 스킨케어
211	욕조용 스텐 배수구 망	욕조용 스텐 배수구 망 기타 미분류	기타 > 미분류
212	닥터씨피유 딥클린 효소 파우더 워시 60 g	닥터씨피유 딥클린 효소 파우더 워시 60 g 기타 미분류	기타 > 미분류
213	오피스 블랙코팅 가위 6 cm	오피스 블랙코팅 가위 6 cm 주방용품 조리도구	주방용품 > 조리도구
214	디퓨저 리필액 200 ml 블랙체리 향	디퓨저 리필액 200 ml 블랙체리 향 청소/욕실 방향/탈취	청소/욕실 > 방향/탈취
215	[펫] 이즈칸 캣 오리지널 통통닭 26 g (10g당 385원)	[펫] 이즈칸 캣 오리지널 통통닭 26 g (10g당 385원) 반려동물 고양이용품	반려동물 > 고양이용품
216	메디필 물톡스 광채 보습 패드 2.0 50매입	메디필 물톡스 광채 보습 패드 2.0 50매입 식품 음료	식품 > 음료
217	마데카21 테카 솔루션 수딩 크림 50 ml	마데카21 테카 솔루션 수딩 크림 50 ml 뷰티/위생 스킨케어	뷰티/위생 > 스킨케어
218	내손에 유럽 핸드크림 로마 60g	내손에 유럽 핸드크림 로마 60g 뷰티/위생 스킨케어	뷰티/위생 > 스킨케어
219	담배냄새 제거용 분사기향 (숲속향)	담배냄새 제거용 분사기향 (숲속향) 기타 미분류	기타 > 미분류
220	보습을 부탁해 풋 마스크팩	보습을 부탁해 풋 마스크팩 뷰티/위생 스킨케어	뷰티/위생 > 스킨케어
221	철판 꾸이킹 오리지널 22 g	철판 꾸이킹 오리지널 22 g 기타 미분류	기타 > 미분류
222	K일회용필터 화이트 마스크 대형 30 매입	K일회용필터 화이트 마스크 대형 30 매입 주방용품 일회용품	주방용품 > 일회용품
223	세꼼마 버블 항균 핸드워시 리필 200 ml 레몬 향	세꼼마 버블 항균 핸드워시 리필 200 ml 레몬 향 기타 미분류	기타 > 미분류
224	사각 동물 캐릭터 패브릭 바구니 대형	사각 동물 캐릭터 패브릭 바구니 대형 수납/정리 수납함	수납/정리 > 수납함
225	스퀘어 레터링 세로형 쇼핑백 아이보리	스퀘어 레터링 세로형 쇼핑백 아이보리 기타 미분류	기타 > 미분류
226	부드러운 패턴 담요 200 X 120 cm 핑크	부드러운 패턴 담요 200 X 120 cm 핑크 기타 미분류	기타 > 미분류
227	꽃모양 퍼프 2개입	꽃모양 퍼프 2개입 반려동물 강아지용품	반려동물 > 강아지용품
228	부직포 행주 30X40cm 50매	부직포 행주 30X40cm 50매 주방용품 주방잡화	주방용품 > 주방잡화
229	발바닥 지압 마사지기	발바닥 지압 마사지기 기타 미분류	기타 > 미분류
230	르까프 방한용 장갑 블랙	르까프 방한용 장갑 블랙 패션/잡화 우산/장갑	패션/잡화 > 우산/장갑
231	시카 카밍 토너 패드 100매입	시카 카밍 토너 패드 100매입 뷰티/위생 스킨케어	뷰티/위생 > 스킨케어
232	동아 싹스틱	동아 싹스틱 기타 미분류	기타 > 미분류
233	팩미인 풋 케어 팩	팩미인 풋 케어 팩 뷰티/위생 스킨케어	뷰티/위생 > 스킨케어
234	고무나무 미니 이젤	고무나무 미니 이젤 기타 미분류	기타 > 미분류
235	어성초 캡슐팩	어성초 캡슐팩 뷰티/위생 스킨케어	뷰티/위생 > 스킨케어
236	줌 바이 정샘물 미니탭 퍼프 3개입	줌 바이 정샘물 미니탭 퍼프 3개입 식품 음료	식품 > 음료
237	AHC 에이지리뉴 듀얼 텐션 마스크 타이트닝 1매 28 g	AHC 에이지리뉴 듀얼 텐션 마스크 타이트닝 1매 28 g 기타 미분류	기타 > 미분류
238	별 집게 클립 16개입	별 집게 클립 16개입 뷰티/위생 메이크업	뷰티/위생 > 메이크업
239	아트 월 틈새 걸이 3개입	아트 월 틈새 걸이 3개입 반려동물 강아지용품	반려동물 > 강아지용품
240	더 강력한 배수구 클리너 70 g 3개입	더 강력한 배수구 클리너 70 g 3개입 반려동물 강아지용품	반려동물 > 강아지용품
241	욕실 청소 스펀지 10개입	욕실 청소 스펀지 10개입 청소/욕실 청소도구	청소/욕실 > 청소도구
242	니트릴 장갑 120매 S 화이트	니트릴 장갑 120매 S 화이트 패션/잡화 우산/장갑	패션/잡화 > 우산/장갑
243	래빗 프렌즈 스티커 4매입	래빗 프렌즈 스티커 4매입 뷰티/위생 미용소품	뷰티/위생 > 미용소품
244	휴대용 말랑 팁 립 브러시	휴대용 말랑 팁 립 브러시 뷰티/위생 메이크업	뷰티/위생 > 메이크업
245	크리넥스 마이비데 클린 케어 휴대용 10매X4개입	크리넥스 마이비데 클린 케어 휴대용 10매X4개입 반려동물 강아지용품	반려동물 > 강아지용품
246	A5 바인더 루즈 리프 노트 퍼플	A5 바인더 루즈 리프 노트 퍼플 문구/팬시 노트/메모	문구/팬시 > 노트/메모
247	스팀베이스 데일리 아이워머 편백나무숲 향	스팀베이스 데일리 아이워머 편백나무숲 향 기타 미분류	기타 > 미분류
248	메디와이퍼 소독 티슈 80매 캡형	메디와이퍼 소독 티슈 80매 캡형 뷰티/위생 화장지/물티슈	뷰티/위생 > 화장지/물티슈
249	사선형 롤클리너 리필 16 cm 5개입	사선형 롤클리너 리필 16 cm 5개입 반려동물 강아지용품	반려동물 > 강아지용품
250	참 깨끗한 물티슈 120매	참 깨끗한 물티슈 120매 뷰티/위생 화장지/물티슈	뷰티/위생 > 화장지/물티슈
251	멀티 서랍장 1-3호	멀티 서랍장 1-3호 수납/정리 수납함	수납/정리 > 수납함
252	다람쥐 모양 손목 패드	다람쥐 모양 손목 패드 기타 미분류	기타 > 미분류
253	가정용 양초 대형 6개입	가정용 양초 대형 6개입 반려동물 강아지용품	반려동물 > 강아지용품
254	그래픽 AI 스티커 4매입	그래픽 AI 스티커 4매입 문구/팬시 노트/메모	문구/팬시 > 노트/메모
255	미피 캐릭터 종이컵 210ml 25개입	미피 캐릭터 종이컵 210ml 25개입 주방용품 잔/컵/물병	주방용품 > 잔/컵/물병
256	토네이도 휴지통	토네이도 휴지통 뷰티/위생 화장지/물티슈	뷰티/위생 > 화장지/물티슈
257	파티온 노스카나인 퍼스트스텝 흔적앰플 30 ml	파티온 노스카나인 퍼스트스텝 흔적앰플 30 ml 기타 미분류	기타 > 미분류
258	대웅제약 바나바잎 추출물 30정 (30일분)	대웅제약 바나바잎 추출물 30정 (30일분) 식품 음료	식품 > 음료
259	[펫] 캐츠랑 저요저요 닭고기 50 g	[펫] 캐츠랑 저요저요 닭고기 50 g 반려동물 반려동물공통	반려동물 > 반려동물공통
260	빨아 쓰는 행주 타월 200매입	빨아 쓰는 행주 타월 200매입 주방용품 주방잡화	주방용품 > 주방잡화
261	과탄산소다 세탁비누 250g	과탄산소다 세탁비누 250g 청소/욕실 욕실용품	청소/욕실 > 욕실용품
262	송월 순면 세면 타월 34 X 80 cm 딥베이지	송월 순면 세면 타월 34 X 80 cm 딥베이지 기타 미분류	기타 > 미분류
263	메이지 초코 베이비 32 g	메이지 초코 베이비 32 g 기타 미분류	기타 > 미분류
264	초코픽셀 동물농장 100g	초코픽셀 동물농장 100g 식품 음료	식품 > 음료
265	실리콘 용기 사각형 100 ml	실리콘 용기 사각형 100 ml 기타 미분류	기타 > 미분류
266	투명 수납함 38 X 28 X 11 cm	투명 수납함 38 X 28 X 11 cm 수납/정리 수납함	수납/정리 > 수납함
267	청우 쫀득 초코칩 커피 맛 90 g	청우 쫀득 초코칩 커피 맛 90 g 식품 과자/스낵	식품 > 과자/스낵
268	바세린 데일리 모이스처 비누 100g	바세린 데일리 모이스처 비누 100g 청소/욕실 욕실용품	청소/욕실 > 욕실용품
269	태화 컬러 고무장갑 2켤레 그레이 M	태화 컬러 고무장갑 2켤레 그레이 M 패션/잡화 우산/장갑	패션/잡화 > 우산/장갑
270	밀크터치 디어씽 블러리 이펙트 스무드 터치팟 뮤트메모리	밀크터치 디어씽 블러리 이펙트 스무드 터치팟 뮤트메모리 기타 미분류	기타 > 미분류
271	메디필 멜라논엑스 기미크림패치 2매	메디필 멜라논엑스 기미크림패치 2매 뷰티/위생 스킨케어	뷰티/위생 > 스킨케어
272	사선형 롤클리너 리필 10 cm 2개입	사선형 롤클리너 리필 10 cm 2개입 반려동물 강아지용품	반려동물 > 강아지용품
273	확장형 물먹는 제습제 400g	확장형 물먹는 제습제 400g 식품 음료	식품 > 음료
274	다용도 라탄 바구니 6호	다용도 라탄 바구니 6호 수납/정리 수납함	수납/정리 > 수납함
275	링링 솔리드 네일 10 ml 무색투명	링링 솔리드 네일 10 ml 무색투명 뷰티/위생 네일용품	뷰티/위생 > 네일용품
276	손잡이 다용도 꼬치 15 cm 60개입	손잡이 다용도 꼬치 15 cm 60개입 반려동물 강아지용품	반려동물 > 강아지용품
277	진공 저장 용기 결착형 640 ml	진공 저장 용기 결착형 640 ml 수납/정리 진공백	수납/정리 > 진공백
278	컬러 인덱스 소형 220매입 파스텔	컬러 인덱스 소형 220매입 파스텔 기타 미분류	기타 > 미분류
279	김장 비닐 대형 3장	김장 비닐 대형 3장 기타 미분류	기타 > 미분류
280	태그 슬림브로우펜슬(2호_애쉬브라운)	태그 슬림브로우펜슬(2호_애쉬브라운) 기타 미분류	기타 > 미분류
281	L자형 투톤 치간칫솔 SSSS 8P	L자형 투톤 치간칫솔 SSSS 8P 뷰티/위생 헤어/바디	뷰티/위생 > 헤어/바디
282	바닥을 누르면 쏙 빠지는 알알이쏙 용기 7.5ml X 24구	바닥을 누르면 쏙 빠지는 알알이쏙 용기 7.5ml X 24구 기타 미분류	기타 > 미분류
283	멀티 수납함 M	멀티 수납함 M 수납/정리 수납함	수납/정리 > 수납함
284	여행용 접이식 슬리퍼 270mm	여행용 접이식 슬리퍼 270mm 패션/잡화 슬리퍼	패션/잡화 > 슬리퍼
285	손난로 컬러 일반형 대용량 15개입	손난로 컬러 일반형 대용량 15개입 반려동물 강아지용품	반려동물 > 강아지용품
286	스틸 조립식 2단 선반	스틸 조립식 2단 선반 뷰티/위생 메이크업	뷰티/위생 > 메이크업
287	고급한방때비누	고급한방때비누 청소/욕실 욕실용품	청소/욕실 > 욕실용품
288	작업 보수용 테이프 50mmX10m	작업 보수용 테이프 50mmX10m 문구/팬시 사무용품	문구/팬시 > 사무용품
289	머지 렛츠 픽싱 펜 아이라이너 브라우니	머지 렛츠 픽싱 펜 아이라이너 브라우니 뷰티/위생 메이크업	뷰티/위생 > 메이크업
290	더페이스샵 퍼퓸 더 로즈 바디 필링 미스트 240 ml	더페이스샵 퍼퓸 더 로즈 바디 필링 미스트 240 ml 기타 미분류	기타 > 미분류
291	슬라이드 지퍼락 22X18cm 12매	슬라이드 지퍼락 22X18cm 12매 기타 미분류	기타 > 미분류
292	싱크대 거름망 리필 50매입	싱크대 거름망 리필 50매입 기타 미분류	기타 > 미분류
293	드레싱밴드 (중) 6매	드레싱밴드 (중) 6매 기타 미분류	기타 > 미분류
294	한 입 100% 베이킹소다 수 400ml	한 입 100% 베이킹소다 수 400ml 기타 미분류	기타 > 미분류
295	소독 스프레이 500ml	소독 스프레이 500ml 기타 미분류	기타 > 미분류
296	일회용 여행 샤워용품 8스텝 세트	일회용 여행 샤워용품 8스텝 세트 주방용품 일회용품	주방용품 > 일회용품
297	드레싱밴드 (소) 8매	드레싱밴드 (소) 8매 기타 미분류	기타 > 미분류
298	휴대폰 강화 유리 필름 사생활 보호 아이폰16	휴대폰 강화 유리 필름 사생활 보호 아이폰16 기타 미분류	기타 > 미분류
299	접착 패드 L자형 후크 3개입	접착 패드 L자형 후크 3개입 문구/팬시 학용품	문구/팬시 > 학용품
300	송월 밤부 바스 타월 60 X 120 cm 화이트	송월 밤부 바스 타월 60 X 120 cm 화이트 기타 미분류	기타 > 미분류
301	휘어지는 말랑핏 저장 용기 1.3L 스카이블루	휘어지는 말랑핏 저장 용기 1.3L 스카이블루 기타 미분류	기타 > 미분류
302	짱구 하드 샤워 타월 29 X 95 cm	짱구 하드 샤워 타월 29 X 95 cm 기타 미분류	기타 > 미분류
303	앰플 공병 15ml	앰플 공병 15ml 기타 미분류	기타 > 미분류
304	오픈형 포토 카드 케이스 2개입	오픈형 포토 카드 케이스 2개입 반려동물 강아지용품	반려동물 > 강아지용품
305	압축식 안개 분무기 200 ml	압축식 안개 분무기 200 ml 반려동물 강아지용품	반려동물 > 강아지용품
306	제트스트림 볼펜 블랙 0.5mm	제트스트림 볼펜 블랙 0.5mm 문구/팬시 필기구	문구/팬시 > 필기구
307	어린이용 배드민턴 세트	어린이용 배드민턴 세트 기타 미분류	기타 > 미분류
308	일반 봉투 무지형 80매입	일반 봉투 무지형 80매입 기타 미분류	기타 > 미분류
309	접이형 수납 바구니 중형	접이형 수납 바구니 중형 수납/정리 수납함	수납/정리 > 수납함
310	모던템바보드바구니(28*12*8cm)_아이보리	모던템바보드바구니(28*12*8cm)_아이보리 수납/정리 수납함	수납/정리 > 수납함
311	실크테라피 실크케라틴 노워시트리트먼트 60 ml	실크테라피 실크케라틴 노워시트리트먼트 60 ml 기타 미분류	기타 > 미분류
312	오뚜기 3분카레 매운맛 200 g	오뚜기 3분카레 매운맛 200 g 기타 미분류	기타 > 미분류
313	LG생활건강 이너뷰 다이어트 가르시니아 10포	LG생활건강 이너뷰 다이어트 가르시니아 10포 기타 미분류	기타 > 미분류
314	[12 헤이지 로즈]프릴루드 딘토 라벨르로즈 립라이너	[12 헤이지 로즈]프릴루드 딘토 라벨르로즈 립라이너 뷰티/위생 메이크업	뷰티/위생 > 메이크업
315	본셉 비타씨 미백샷 바디괄사 세럼 100 ml	본셉 비타씨 미백샷 바디괄사 세럼 100 ml 뷰티/위생 스킨케어	뷰티/위생 > 스킨케어
316	의류 신발 방수 스프레이 200 ml	의류 신발 방수 스프레이 200 ml 기타 미분류	기타 > 미분류
317	넓은 타입 지퍼백 20X25cm 30매	넓은 타입 지퍼백 20X25cm 30매 기타 미분류	기타 > 미분류
318	동아 이브로 칠리콘 스낵 75 g	동아 이브로 칠리콘 스낵 75 g 식품 과자/스낵	식품 > 과자/스낵
319	헤어테소로 잔머리픽서카라(10ml)	헤어테소로 잔머리픽서카라(10ml) 기타 미분류	기타 > 미분류
320	진공 저장 용기 결착형 390 ml	진공 저장 용기 결착형 390 ml 수납/정리 진공백	수납/정리 > 진공백
321	코스모스 두부 과자 110g	코스모스 두부 과자 110g 문구/팬시 학용품	문구/팬시 > 학용품
322	필링을 부탁해 풋필링 마스크팩	필링을 부탁해 풋필링 마스크팩 뷰티/위생 스킨케어	뷰티/위생 > 스킨케어
323	모자 땀 흡착 패드 6개입	모자 땀 흡착 패드 6개입 문구/팬시 학용품	문구/팬시 > 학용품
324	멜란지 나일론 뜨개실 40 g 베이지믹스	멜란지 나일론 뜨개실 40 g 베이지믹스 반려동물 강아지용품	반려동물 > 강아지용품
325	팝콘 뜨개실 40 g 아이보리	팝콘 뜨개실 40 g 아이보리 반려동물 강아지용품	반려동물 > 강아지용품
326	납작+뾰족 종이 면봉 100개입	납작+뾰족 종이 면봉 100개입 반려동물 강아지용품	반려동물 > 강아지용품
327	더마퀸 쿨링스틱	더마퀸 쿨링스틱 기타 미분류	기타 > 미분류
328	가스레인지 판넬 75 X 32 cm	가스레인지 판넬 75 X 32 cm 기타 미분류	기타 > 미분류
329	투명 커버 북 파우치	투명 커버 북 파우치 패션/잡화 가방/파우치	패션/잡화 > 가방/파우치
330	롱 열전도 헤어 컬 50 mm	롱 열전도 헤어 컬 50 mm 기타 미분류	기타 > 미분류
331	일본제 뚜껑 수납 케이스 M(약1.7 L)	일본제 뚜껑 수납 케이스 M(약1.7 L) 기타 미분류	기타 > 미분류
332	바세린 립 테라피 4.8 g 오리지널 2개입	바세린 립 테라피 4.8 g 오리지널 2개입 뷰티/위생 메이크업	뷰티/위생 > 메이크업
333	AHC 에이지리뉴 크림 타이트닝 50 ml	AHC 에이지리뉴 크림 타이트닝 50 ml 뷰티/위생 스킨케어	뷰티/위생 > 스킨케어
334	TS 비듬케어 샴푸 300 g	TS 비듬케어 샴푸 300 g 뷰티/위생 헤어/바디	뷰티/위생 > 헤어/바디
335	[국내생산] 러버랩 니트릴장갑 10매 중형 크림핑크	[국내생산] 러버랩 니트릴장갑 10매 중형 크림핑크 뷰티/위생 스킨케어	뷰티/위생 > 스킨케어
336	오뚜기 컵누들 마라탕 맛	오뚜기 컵누들 마라탕 맛 주방용품 잔/컵/물병	주방용품 > 잔/컵/물병
337	데일리 속눈썹 D7호	데일리 속눈썹 D7호 기타 미분류	기타 > 미분류
338	인센스 프리미엄 직사각 밀폐 용기 4호 580ml	인센스 프리미엄 직사각 밀폐 용기 4호 580ml 기타 미분류	기타 > 미분류
339	초록스타 뿌리 활력제 200ml	초록스타 뿌리 활력제 200ml 기타 미분류	기타 > 미분류
340	예지미인 순슬림 생리대 중형 16개입	예지미인 순슬림 생리대 중형 16개입 반려동물 강아지용품	반려동물 > 강아지용품
341	커피 여과지 1~4잔용 100매입	커피 여과지 1~4잔용 100매입 식품 음료	식품 > 음료
342	긁힘 방지 의자 커버 소형 4개입	긁힘 방지 의자 커버 소형 4개입 문구/팬시 학용품	문구/팬시 > 학용품
343	진공 저장 용기 680 ml	진공 저장 용기 680 ml 수납/정리 진공백	수납/정리 > 진공백
344	엠메이데이 바디 샤워 티슈 프레시 향 2매입	엠메이데이 바디 샤워 티슈 프레시 향 2매입 뷰티/위생 화장지/물티슈	뷰티/위생 > 화장지/물티슈
345	알루미늄 편수 냄비 16cm	알루미늄 편수 냄비 16cm 주방용품 팬/냄비	주방용품 > 팬/냄비
346	니트릴 장갑 블랙 대형 100매입	니트릴 장갑 블랙 대형 100매입 패션/잡화 우산/장갑	패션/잡화 > 우산/장갑
347	진라면 스프 5g 10개입 매운맛	진라면 스프 5g 10개입 매운맛 반려동물 강아지용품	반려동물 > 강아지용품
348	손잡이형 비닐봉지 화이트 1호 65매	손잡이형 비닐봉지 화이트 1호 65매 기타 미분류	기타 > 미분류
349	층층이 서랍장 대형	층층이 서랍장 대형 수납/정리 수납함	수납/정리 > 수납함
350	유리용 색연필 4개입	유리용 색연필 4개입 문구/팬시 필기구	문구/팬시 > 필기구
351	대나무 이쑤시개 800개입	대나무 이쑤시개 800개입 반려동물 강아지용품	반려동물 > 강아지용품
352	오죤 알콜스왑 100매입	오죤 알콜스왑 100매입 기타 미분류	기타 > 미분류
353	일체형 정사각 투명 정리함 약 9.5 X 9.5 X 9 cm	일체형 정사각 투명 정리함 약 9.5 X 9.5 X 9 cm 수납/정리 수납함	수납/정리 > 수납함
354	클리어 리빙 박스 대형	클리어 리빙 박스 대형 기타 미분류	기타 > 미분류
355	캐릭터 하트 팡팡 퍼프＆케이스 세트	캐릭터 하트 팡팡 퍼프＆케이스 세트 기타 미분류	기타 > 미분류
356	3칸 투명 책꽂이 블랙	3칸 투명 책꽂이 블랙 기타 미분류	기타 > 미분류
357	오피스 자석 슬라이드 커터 칼	오피스 자석 슬라이드 커터 칼 주방용품 조리도구	주방용품 > 조리도구
358	원형 멀티 크림 케이스 100ml 3P	원형 멀티 크림 케이스 100ml 3P 뷰티/위생 스킨케어	뷰티/위생 > 스킨케어
359	콜렉트 증명사진 걸이형 앨범 24칸	콜렉트 증명사진 걸이형 앨범 24칸 인테리어/원예 인테리어소품	인테리어/원예 > 인테리어소품
360	모노톤 펜꽂이 화이트	모노톤 펜꽂이 화이트 기타 미분류	기타 > 미분류
361	[펫] 매트 30 X 30 cm 6개입 베이지	[펫] 매트 30 X 30 cm 6개입 베이지 반려동물 강아지용품	반려동물 > 강아지용품
362	편백 탈취 스프레이 300 ml	편백 탈취 스프레이 300 ml 기타 미분류	기타 > 미분류
363	스카치 브라이트 베이직 은사 수세미 2개입	스카치 브라이트 베이직 은사 수세미 2개입 주방용품 주방잡화	주방용품 > 주방잡화
364	모다모다 블루비오틴 스칼프캡슐트리트먼트 200 ml	모다모다 블루비오틴 스칼프캡슐트리트먼트 200 ml 주방용품 조리도구	주방용품 > 조리도구
365	헤어플러스 단백질 본드 워터 에센스 플라워 가든 100 ml	헤어플러스 단백질 본드 워터 에센스 플라워 가든 100 ml 뷰티/위생 스킨케어	뷰티/위생 > 스킨케어
366	본셉 디판테놀 동결건조 더블샷 앰플 키트	본셉 디판테놀 동결건조 더블샷 앰플 키트 기타 미분류	기타 > 미분류
367	치약걸이 3개입	치약걸이 3개입 뷰티/위생 헤어/바디	뷰티/위생 > 헤어/바디
368	현대 우레탄 문풍지 소	현대 우레탄 문풍지 소 기타 미분류	기타 > 미분류
369	투명 슬라이드 포장 케이스 소형 4매입 핑크	투명 슬라이드 포장 케이스 소형 4매입 핑크 기타 미분류	기타 > 미분류
370	[펫] 미오크리미 15 g X 6개입 연어	[펫] 미오크리미 15 g X 6개입 연어 반려동물 강아지용품	반려동물 > 강아지용품
371	의류 이염 방지 시트 30매입	의류 이염 방지 시트 30매입 기타 미분류	기타 > 미분류
372	리빙 여행용 티슈 70매X3개입	리빙 여행용 티슈 70매X3개입 뷰티/위생 화장지/물티슈	뷰티/위생 > 화장지/물티슈
373	수세미 실 30g 핑크	수세미 실 30g 핑크 주방용품 주방잡화	주방용품 > 주방잡화
374	뚜껑 세트 패브릭 원형 바구니 18 cm	뚜껑 세트 패브릭 원형 바구니 18 cm 수납/정리 수납함	수납/정리 > 수납함
375	긴 암막 커튼 봉집형 140 X 240 cm 블루	긴 암막 커튼 봉집형 140 X 240 cm 블루 기타 미분류	기타 > 미분류
376	손잡이 물병 2 L	손잡이 물병 2 L 주방용품 잔/컵/물병	주방용품 > 잔/컵/물병
377	좌우 구분 없는 욕실화 260~280 mm	좌우 구분 없는 욕실화 260~280 mm 기타 미분류	기타 > 미분류
378	진공 저장 용기 1480 ml	진공 저장 용기 1480 ml 수납/정리 진공백	수납/정리 > 진공백
379	여행용 접이식 보조 가방 라이트그레이	여행용 접이식 보조 가방 라이트그레이 패션/잡화 가방/파우치	패션/잡화 > 가방/파우치
380	스틸 신축봉 120~200cm	스틸 신축봉 120~200cm 기타 미분류	기타 > 미분류
381	PP 투명 케이스 14호	PP 투명 케이스 14호 기타 미분류	기타 > 미분류
382	슈가에코 비건 주방세제 레몬향 1.2L	슈가에코 비건 주방세제 레몬향 1.2L 주방용품 주방잡화	주방용품 > 주방잡화
383	칸막이 보드 (대) 2개입	칸막이 보드 (대) 2개입 반려동물 강아지용품	반려동물 > 강아지용품
384	실리콘 미니 요리 스푼 2개입	실리콘 미니 요리 스푼 2개입 반려동물 강아지용품	반려동물 > 강아지용품
385	대야걸이 후크	대야걸이 후크 기타 미분류	기타 > 미분류
386	[국내생산] 러버랩 두꺼운니트릴장갑 6매 대형 블랙	[국내생산] 러버랩 두꺼운니트릴장갑 6매 대형 블랙 패션/잡화 우산/장갑	패션/잡화 > 우산/장갑
387	실크테라피 실크케라틴 앰플에센스 25 ml	실크테라피 실크케라틴 앰플에센스 25 ml 뷰티/위생 스킨케어	뷰티/위생 > 스킨케어
388	3M 스카치 다용도 리필 테이프 12mmX21m 2개입	3M 스카치 다용도 리필 테이프 12mmX21m 2개입 문구/팬시 사무용품	문구/팬시 > 사무용품
389	본셉 레티놀 탄력샷 바디괄사 세럼 100 ml	본셉 레티놀 탄력샷 바디괄사 세럼 100 ml 뷰티/위생 스킨케어	뷰티/위생 > 스킨케어
390	비프루브 마린 수분광채 선젤 50 ml (SPF50+,PA++++)	비프루브 마린 수분광채 선젤 50 ml (SPF50+,PA++++) 기타 미분류	기타 > 미분류
391	K일회용필터 블랙 마스크 대형 30 매입	K일회용필터 블랙 마스크 대형 30 매입 주방용품 일회용품	주방용품 > 일회용품
392	손잡이형 비닐 봉투 블랙 2호 55매	손잡이형 비닐 봉투 블랙 2호 55매 기타 미분류	기타 > 미분류
393	주름 빨대 개별 포장 0.5X18cm 90P	주름 빨대 개별 포장 0.5X18cm 90P 주방용품 일회용품	주방용품 > 일회용품
394	사각 터치 온습도 시계	사각 터치 온습도 시계 기타 미분류	기타 > 미분류
395	움트리 쇠고기 볶음고추장 100g	움트리 쇠고기 볶음고추장 100g 기타 미분류	기타 > 미분류
396	미니 직사각 빵틀 13.5cm	미니 직사각 빵틀 13.5cm 기타 미분류	기타 > 미분류
397	부착식 3줄 행주 걸이	부착식 3줄 행주 걸이 주방용품 주방잡화	주방용품 > 주방잡화
398	미니 포켓 비데 티슈 8매입 4개	미니 포켓 비데 티슈 8매입 4개 뷰티/위생 화장지/물티슈	뷰티/위생 > 화장지/물티슈
399	테프론 사각 긁힘 방지 패드 중형 4개입 브라운	테프론 사각 긁힘 방지 패드 중형 4개입 브라운 반려동물 강아지용품	반려동물 > 강아지용품
400	뚜껑 수납함 중형 아이보리	뚜껑 수납함 중형 아이보리 수납/정리 수납함	수납/정리 > 수납함
401	핸드 드립 커피 필터 15매	핸드 드립 커피 필터 15매 뷰티/위생 메이크업	뷰티/위생 > 메이크업
402	2080 퓨어 마운틴 핑크솔트 (100 g)	2080 퓨어 마운틴 핑크솔트 (100 g) 기타 미분류	기타 > 미분류
403	옛맛 튀밥 강정 70 g	옛맛 튀밥 강정 70 g 기타 미분류	기타 > 미분류
404	캠핑 이소가스 손잡이 가방 블랙	캠핑 이소가스 손잡이 가방 블랙 스포츠/레저/취미 캠핑/레저	스포츠/레저/취미 > 캠핑/레저
405	옷걸이형 가방 걸이 후크 4개입	옷걸이형 가방 걸이 후크 4개입 청소/욕실 세탁용품	청소/욕실 > 세탁용품
406	퐁퐁 친환경 주방세제 리필타입 1.2L	퐁퐁 친환경 주방세제 리필타입 1.2L 주방용품 주방잡화	주방용품 > 주방잡화
407	주방 코너 3단 정리대	주방 코너 3단 정리대 수납/정리 정리용품	수납/정리 > 정리용품
408	보호 견출지 18x60mm 15매입	보호 견출지 18x60mm 15매입 기타 미분류	기타 > 미분류
409	마이비 신생아 전용 면봉 300P	마이비 신생아 전용 면봉 300P 기타 미분류	기타 > 미분류
410	2080 퓨어 솔트 치약 크리스탈민트 100g	2080 퓨어 솔트 치약 크리스탈민트 100g 뷰티/위생 헤어/바디	뷰티/위생 > 헤어/바디
411	걸이형 스텐 집게 5개입	걸이형 스텐 집게 5개입 주방용품 조리도구	주방용품 > 조리도구
412	이지엔 실속형 HDPE 위생장갑 240매입	이지엔 실속형 HDPE 위생장갑 240매입 주방용품 일회용품	주방용품 > 일회용품
413	나이텍스 방한장갑 L	나이텍스 방한장갑 L 패션/잡화 우산/장갑	패션/잡화 > 우산/장갑
414	에어 목쿠션	에어 목쿠션 뷰티/위생 메이크업	뷰티/위생 > 메이크업
415	한지 기름종이 20cm 15매	한지 기름종이 20cm 15매 기타 미분류	기타 > 미분류
416	일회용 치간 치실 100P	일회용 치간 치실 100P 주방용품 일회용품	주방용품 > 일회용품
417	글로우 파운데이션 브러시	글로우 파운데이션 브러시 뷰티/위생 메이크업	뷰티/위생 > 메이크업
418	디자인종이접시 10매입 (약20 cm)	디자인종이접시 10매입 (약20 cm) 주방용품 식기/그릇	주방용품 > 식기/그릇
419	냉장고 수납 바구니 4호	냉장고 수납 바구니 4호 수납/정리 수납함	수납/정리 > 수납함
420	머지 렛츠 스머징 아이 스틱 섀도우 모카브라운	머지 렛츠 스머징 아이 스틱 섀도우 모카브라운 기타 미분류	기타 > 미분류
421	더랩바이블랑두 클리어히알결광 세럼미스트 150 ml	더랩바이블랑두 클리어히알결광 세럼미스트 150 ml 뷰티/위생 스킨케어	뷰티/위생 > 스킨케어
422	본셉 레티놀 500 IU 세럼 30 ml	본셉 레티놀 500 IU 세럼 30 ml 뷰티/위생 스킨케어	뷰티/위생 > 스킨케어
423	본셉 레티놀 아이 크림 25 ml	본셉 레티놀 아이 크림 25 ml 뷰티/위생 스킨케어	뷰티/위생 > 스킨케어
424	VT 프로 시카 리들샷 S50 페이셜 부스팅 퍼스트 앰플 2ml*6개입	VT 프로 시카 리들샷 S50 페이셜 부스팅 퍼스트 앰플 2ml*6개입 반려동물 강아지용품	반려동물 > 강아지용품
425	마데카21 테카 솔루션 수딩 스팟 젤 15 ml	마데카21 테카 솔루션 수딩 스팟 젤 15 ml 기타 미분류	기타 > 미분류
426	태그 멀티 컨투어 스틱 누드 로지	태그 멀티 컨투어 스틱 누드 로지 기타 미분류	기타 > 미분류
427	미니 수정 테이프 5m 3개입	미니 수정 테이프 5m 3개입 문구/팬시 사무용품	문구/팬시 > 사무용품
428	과테말라 게이샤 블렌드 캡슐 커피 5 g X 10개입	과테말라 게이샤 블렌드 캡슐 커피 5 g X 10개입 식품 음료	식품 > 음료
429	차량용 송풍구 방향제 오션향	차량용 송풍구 방향제 오션향 청소/욕실 방향/탈취	청소/욕실 > 방향/탈취
430	밴드포유120매(표준형)	밴드포유120매(표준형) 기타 미분류	기타 > 미분류
431	실리콘 젓가락 24 cm 그레이	실리콘 젓가락 24 cm 그레이 주방용품 수저/커트러리	주방용품 > 수저/커트러리
432	온더바디 국민뷰티템 익스트림쿨링 풋샴푸 390 ml	온더바디 국민뷰티템 익스트림쿨링 풋샴푸 390 ml 뷰티/위생 헤어/바디	뷰티/위생 > 헤어/바디
433	버팔로 등산용 3단스틱	버팔로 등산용 3단스틱 기타 미분류	기타 > 미분류
434	컬러슈어 파우치 염모제 흑색	컬러슈어 파우치 염모제 흑색 패션/잡화 가방/파우치	패션/잡화 > 가방/파우치
435	밀펑 과자 70 g	밀펑 과자 70 g 문구/팬시 학용품	문구/팬시 > 학용품
436	플로르드망 이지 스틱 클렌징 파우더 1 g 5개입	플로르드망 이지 스틱 클렌징 파우더 1 g 5개입 반려동물 강아지용품	반려동물 > 강아지용품
437	유리 닦이 전용 극세사 걸레 2P	유리 닦이 전용 극세사 걸레 2P 청소/욕실 청소도구	청소/욕실 > 청소도구
438	시크 열전도 롤 브러시 60 mm	시크 열전도 롤 브러시 60 mm 기타 미분류	기타 > 미분류
439	[국내] 진공 밀폐 용기 정사각 2L	[국내] 진공 밀폐 용기 정사각 2L 수납/정리 진공백	수납/정리 > 진공백
440	코코넛칩 50 g	코코넛칩 50 g 식품 과자/스낵	식품 > 과자/스낵
441	코피코 캔디 100 g 카푸치노 맛	코피코 캔디 100 g 카푸치노 맛 식품 과자/스낵	식품 > 과자/스낵
442	실리콘 스푼 15.5 cm	실리콘 스푼 15.5 cm 기타 미분류	기타 > 미분류
443	노크식 컬러 볼펜 10개입 (0.7mm/흑)	노크식 컬러 볼펜 10개입 (0.7mm/흑) 문구/팬시 필기구	문구/팬시 > 필기구
444	다용도 바스켓 가로형	다용도 바스켓 가로형 기타 미분류	기타 > 미분류
445	홀로그램 파티 커튼	홀로그램 파티 커튼 기타 미분류	기타 > 미분류
446	오로라 투명 비즈 8 mm 클리어	오로라 투명 비즈 8 mm 클리어 기타 미분류	기타 > 미분류
447	모니터 메모 보드 30cm	모니터 메모 보드 30cm 기타 미분류	기타 > 미분류
448	접이식 대야 37.5 cm	접이식 대야 37.5 cm 기타 미분류	기타 > 미분류
449	PET 클리어 바구니 3구	PET 클리어 바구니 3구 수납/정리 수납함	수납/정리 > 수납함
450	바세린 모이스처라이징 클렌징 밀크 140 ml	바세린 모이스처라이징 클렌징 밀크 140 ml 기타 미분류	기타 > 미분류
451	대웅제약 녹차카테킨 30정 30일분	대웅제약 녹차카테킨 30정 30일분 식품 음료	식품 > 음료
452	스카치브라이트 베이직 그물망사 수세미 2P	스카치브라이트 베이직 그물망사 수세미 2P 주방용품 주방잡화	주방용품 > 주방잡화
453	제브라 사라사 빈티지 0.5 mm 블루그레이	제브라 사라사 빈티지 0.5 mm 블루그레이 기타 미분류	기타 > 미분류
454	[02 베리슈가]밀크터치 디어씽 글로우 이펙트 젤리 터치팟	[02 베리슈가]밀크터치 디어씽 글로우 이펙트 젤리 터치팟 식품 과자/스낵	식품 > 과자/스낵
455	[63 마담 로즈]프릴루드 딘토 라벨르로즈 리퀴드치크 10 ml	[63 마담 로즈]프릴루드 딘토 라벨르로즈 리퀴드치크 10 ml 기타 미분류	기타 > 미분류
456	[25 모닝 로즈]프릴루드 딘토 라벨르 로즈 플럼핑 립틴트	[25 모닝 로즈]프릴루드 딘토 라벨르 로즈 플럼핑 립틴트 뷰티/위생 메이크업	뷰티/위생 > 메이크업
457	클리덤 저분자 콜라겐 탄력 실타래 크림 기획 세트 40 ml (종근당건강)	클리덤 저분자 콜라겐 탄력 실타래 크림 기획 세트 40 ml (종근당건강) 뷰티/위생 스킨케어	뷰티/위생 > 스킨케어
458	닥터오라클 큐어소나 래디언스 글로우 케어 키트	닥터오라클 큐어소나 래디언스 글로우 케어 키트 기타 미분류	기타 > 미분류
459	닥터오라클 큐어소나 리쥬코드 롤러앰플 30ml	닥터오라클 큐어소나 리쥬코드 롤러앰플 30ml 기타 미분류	기타 > 미분류
460	네오플램 실리콘 알뜰 주걱	네오플램 실리콘 알뜰 주걱 주방용품 조리도구	주방용품 > 조리도구
461	랩신 항균 풋샴푸 410ml	랩신 항균 풋샴푸 410ml 뷰티/위생 헤어/바디	뷰티/위생 > 헤어/바디
462	모든 식물용 영양제 1 L	모든 식물용 영양제 1 L 식품 음료	식품 > 음료
463	NEW 맘스크린 장갑 240매입	NEW 맘스크린 장갑 240매입 패션/잡화 우산/장갑	패션/잡화 > 우산/장갑
464	14포켓 섹션 파일	14포켓 섹션 파일 수납/정리 정리용품	수납/정리 > 정리용품
465	타일 줄눈용 걸이형 청소 솔	타일 줄눈용 걸이형 청소 솔 청소/욕실 청소도구	청소/욕실 > 청소도구
466	와이어 패브릭 수납함 47 X 28 X 20 cm	와이어 패브릭 수납함 47 X 28 X 20 cm 수납/정리 수납함	수납/정리 > 수납함
467	고탄력 밴드 표준형 16매입	고탄력 밴드 표준형 16매입 기타 미분류	기타 > 미분류
468	인켈 2채널 유선 패브릭 스피커	인켈 2채널 유선 패브릭 스피커 기타 미분류	기타 > 미분류
469	메디와이퍼 소독 티슈 20매	메디와이퍼 소독 티슈 20매 뷰티/위생 화장지/물티슈	뷰티/위생 > 화장지/물티슈
470	EVA 푹신 쿠션 슬리퍼 260~280 mm 그레이	EVA 푹신 쿠션 슬리퍼 260~280 mm 그레이 뷰티/위생 메이크업	뷰티/위생 > 메이크업
471	밀폐 슬라이드락 3개입	밀폐 슬라이드락 3개입 반려동물 강아지용품	반려동물 > 강아지용품
472	진공 저장 용기 400 ml	진공 저장 용기 400 ml 수납/정리 진공백	수납/정리 > 진공백
473	손잡이 보온 죽통 500 ml 아이보리	손잡이 보온 죽통 500 ml 아이보리 기타 미분류	기타 > 미분류
474	1단 데스크 서랍장 26 X 19 X 8 cm	1단 데스크 서랍장 26 X 19 X 8 cm 수납/정리 수납함	수납/정리 > 수납함
475	칸막이 보드 중형 2개입	칸막이 보드 중형 2개입 반려동물 강아지용품	반려동물 > 강아지용품
476	여행 끈 조임 안전 스트랩 베이지	여행 끈 조임 안전 스트랩 베이지 기타 미분류	기타 > 미분류
477	층층이 서랍장 와이드	층층이 서랍장 와이드 수납/정리 수납함	수납/정리 > 수납함
478	9구 다용도 보관케이스	9구 다용도 보관케이스 기타 미분류	기타 > 미분류
479	헬로 미니티슈 230매	헬로 미니티슈 230매 뷰티/위생 화장지/물티슈	뷰티/위생 > 화장지/물티슈
480	VT PDRN 광채크림 50 ml	VT PDRN 광채크림 50 ml 뷰티/위생 스킨케어	뷰티/위생 > 스킨케어
481	도트 메쉬 바구니 4호	도트 메쉬 바구니 4호 수납/정리 수납함	수납/정리 > 수납함
482	수세미 뜨개실 아이보리	수세미 뜨개실 아이보리 주방용품 주방잡화	주방용품 > 주방잡화
483	접착식 클리어 파일 10매입 핑크	접착식 클리어 파일 10매입 핑크 수납/정리 정리용품	수납/정리 > 정리용품
484	쿠킹 계량컵 1L	쿠킹 계량컵 1L 주방용품 잔/컵/물병	주방용품 > 잔/컵/물병
485	모던 칫솔 5개입	모던 칫솔 5개입 뷰티/위생 헤어/바디	뷰티/위생 > 헤어/바디
486	F4호 MDF 캔버스	F4호 MDF 캔버스 기타 미분류	기타 > 미분류
487	AHC 에이지리뉴 크림 미스트 타이트닝 100 ml	AHC 에이지리뉴 크림 미스트 타이트닝 100 ml 뷰티/위생 스킨케어	뷰티/위생 > 스킨케어
488	안개 분사 화장품 스프레이 120 ml	안개 분사 화장품 스프레이 120 ml 반려동물 강아지용품	반려동물 > 강아지용품
489	오아오 딥리치 큐티클 세럼 9 ml	오아오 딥리치 큐티클 세럼 9 ml 뷰티/위생 스킨케어	뷰티/위생 > 스킨케어
490	죽염 내추럴후레쉬허브알파 치약 (130 g)	죽염 내추럴후레쉬허브알파 치약 (130 g) 뷰티/위생 헤어/바디	뷰티/위생 > 헤어/바디
491	손잡이형 비닐 봉투 블랙 4호 35매	손잡이형 비닐 봉투 블랙 4호 35매 기타 미분류	기타 > 미분류
492	수세미 뜨개실 스카이블루	수세미 뜨개실 스카이블루 주방용품 주방잡화	주방용품 > 주방잡화
493	어퓨 더퓨어 티트리 수딩 젤 크림 60ml	어퓨 더퓨어 티트리 수딩 젤 크림 60ml 뷰티/위생 스킨케어	뷰티/위생 > 스킨케어
494	데스크 서류 트레이 스택형	데스크 서류 트레이 스택형 기타 미분류	기타 > 미분류
495	더랩바이블랑두 클리어히알결광 겔마스크 1매 25 g	더랩바이블랑두 클리어히알결광 겔마스크 1매 25 g 기타 미분류	기타 > 미분류
496	풍선 스탠드	풍선 스탠드 인테리어/원예 조명	인테리어/원예 > 조명
497	적층형 오동나무 수납함 소형	적층형 오동나무 수납함 소형 수납/정리 수납함	수납/정리 > 수납함
498	메모텍 옐로우 점착 메모 76 X 76 mm 120매입	메모텍 옐로우 점착 메모 76 X 76 mm 120매입 기타 미분류	기타 > 미분류
499	포인트 라이스 찰떡흡착 클렌징폼 80g	포인트 라이스 찰떡흡착 클렌징폼 80g 기타 미분류	기타 > 미분류
500	웰빙 원형 화분 2호	웰빙 원형 화분 2호 인테리어/원예 인테리어소품	인테리어/원예 > 인테리어소품
501	참 깨끗한 물티슈 150 매입 캡형	참 깨끗한 물티슈 150 매입 캡형 뷰티/위생 화장지/물티슈	뷰티/위생 > 화장지/물티슈
502	휘어지는 말랑핏 저장 용기 900ml 스카이블루	휘어지는 말랑핏 저장 용기 900ml 스카이블루 기타 미분류	기타 > 미분류
503	신발 정리대 남성용	신발 정리대 남성용 뷰티/위생 맨케어	뷰티/위생 > 맨케어
504	일본제 커터 포함 버터 케이스	일본제 커터 포함 버터 케이스 기타 미분류	기타 > 미분류
505	페리오 뉴후레쉬 알파치약 (190 g)	페리오 뉴후레쉬 알파치약 (190 g) 뷰티/위생 헤어/바디	뷰티/위생 > 헤어/바디
506	다용도 케이스 5칸	다용도 케이스 5칸 기타 미분류	기타 > 미분류
507	머거본 알 땅콩 55g	머거본 알 땅콩 55g 기타 미분류	기타 > 미분류
508	뚜껑수납함(약17*17*3.5 cm)	뚜껑수납함(약17*17*3.5 cm) 수납/정리 수납함	수납/정리 > 수납함
509	참 도톰한 물티슈 엠보싱 캡형 80매 두꺼운 물티슈	참 도톰한 물티슈 엠보싱 캡형 80매 두꺼운 물티슈 뷰티/위생 화장지/물티슈	뷰티/위생 > 화장지/물티슈
510	실리콘 미니 요리 스푼	실리콘 미니 요리 스푼 기타 미분류	기타 > 미분류
511	F3호 면 함유 캔버스	F3호 면 함유 캔버스 기타 미분류	기타 > 미분류
512	휘어지는 말랑핏 저장 용기 900 ml 그레이	휘어지는 말랑핏 저장 용기 900 ml 그레이 기타 미분류	기타 > 미분류
513	바세린 탱탱 시트 마스크팩 23 ml 1매	바세린 탱탱 시트 마스크팩 23 ml 1매 뷰티/위생 스킨케어	뷰티/위생 > 스킨케어
514	VT PDRN 광채선에센스 50 ml	VT PDRN 광채선에센스 50 ml 뷰티/위생 스킨케어	뷰티/위생 > 스킨케어
515	팩미인 하이드로겔 브이 마스크팩	팩미인 하이드로겔 브이 마스크팩 뷰티/위생 스킨케어	뷰티/위생 > 스킨케어
516	페리오 충치 케어 치약 100g	페리오 충치 케어 치약 100g 뷰티/위생 헤어/바디	뷰티/위생 > 헤어/바디
517	부직포 청소 장갑 12P	부직포 청소 장갑 12P 청소/욕실 청소도구	청소/욕실 > 청소도구
518	요석 석회 강력 제거제 500 ml	요석 석회 강력 제거제 500 ml 뷰티/위생 네일용품	뷰티/위생 > 네일용품
519	삼각 모서리 집게 클립 4개입	삼각 모서리 집게 클립 4개입 뷰티/위생 메이크업	뷰티/위생 > 메이크업
520	본셉 레티놀 더블 브이핏 겔마스크 1매 22 g	본셉 레티놀 더블 브이핏 겔마스크 1매 22 g 기타 미분류	기타 > 미분류
521	울 판타롱 스타킹 살구	울 판타롱 스타킹 살구 패션/잡화 양말/스타킹	패션/잡화 > 양말/스타킹
522	[펫] 몬스터 굿 라이프 시그니쳐 반려견용 주식캔 110 g 닭고기＆소고기	[펫] 몬스터 굿 라이프 시그니쳐 반려견용 주식캔 110 g 닭고기＆소고기 반려동물 반려동물공통	반려동물 > 반려동물공통
523	마데카21 테카 솔루션 수딩 미스트 토너 200 ml	마데카21 테카 솔루션 수딩 미스트 토너 200 ml 뷰티/위생 스킨케어	뷰티/위생 > 스킨케어
524	웰빙 국물 팩 소형 5매입	웰빙 국물 팩 소형 5매입 뷰티/위생 스킨케어	뷰티/위생 > 스킨케어
525	B7 UV 차단 경질 카드 케이스 2매입	B7 UV 차단 경질 카드 케이스 2매입 식품 음료	식품 > 음료
526	물 흐름 방지 바가지	물 흐름 방지 바가지 식품 음료	식품 > 음료
527	홈스타 3X 폼타입 락스와세제 (후로랄향)	홈스타 3X 폼타입 락스와세제 (후로랄향) 주방용품 주방잡화	주방용품 > 주방잡화
528	EVA 심플 패턴 슬리퍼 260~280 mm	EVA 심플 패턴 슬리퍼 260~280 mm 패션/잡화 슬리퍼	패션/잡화 > 슬리퍼
529	감자알칩 70 g	감자알칩 70 g 문구/팬시 학용품	문구/팬시 > 학용품
530	프레임 심플 액자 A3 화이트	프레임 심플 액자 A3 화이트 문구/팬시 학용품	문구/팬시 > 학용품
531	직사각 바구니 4호 24 X 32 X 12 cm	직사각 바구니 4호 24 X 32 X 12 cm 수납/정리 수납함	수납/정리 > 수납함
532	디자인 서류 정리함	디자인 서류 정리함 수납/정리 수납함	수납/정리 > 수납함
533	[펫] 배변 비닐 봉투 12롤 블랙	[펫] 배변 비닐 봉투 12롤 블랙 반려동물 반려동물공통	반려동물 > 반려동물공통
534	접착식 캐스터 바퀴 4개입	접착식 캐스터 바퀴 4개입 반려동물 강아지용품	반려동물 > 강아지용품
535	확장형 습기제거제 활성탄 1P	확장형 습기제거제 활성탄 1P 뷰티/위생 네일용품	뷰티/위생 > 네일용품
536	향기미스트(15 ml)(베이비파우더)	향기미스트(15 ml)(베이비파우더) 기타 미분류	기타 > 미분류
537	초록스타 분갈이용 용토 2.5L	초록스타 분갈이용 용토 2.5L 기타 미분류	기타 > 미분류
538	옥수수 망사 수세미	옥수수 망사 수세미 주방용품 주방잡화	주방용품 > 주방잡화
539	송월 순면 세면 타월 34 X 70 cm 베이지	송월 순면 세면 타월 34 X 70 cm 베이지 기타 미분류	기타 > 미분류
540	플로럴 라인 플라워 패턴 머그잔 280 ml	플로럴 라인 플라워 패턴 머그잔 280 ml 주방용품 잔/컵/물병	주방용품 > 잔/컵/물병
541	밀착쿠션에어퍼프(2P)	밀착쿠션에어퍼프(2P) 뷰티/위생 메이크업	뷰티/위생 > 메이크업
542	깨끗한나라 미니티슈 230매입	깨끗한나라 미니티슈 230매입 뷰티/위생 화장지/물티슈	뷰티/위생 > 화장지/물티슈
543	다용도 집게 2개입	다용도 집게 2개입 주방용품 조리도구	주방용품 > 조리도구
544	비데 물티슈 캡형 100매	비데 물티슈 캡형 100매 뷰티/위생 화장지/물티슈	뷰티/위생 > 화장지/물티슈
545	드봉 살구 맛사지비누	드봉 살구 맛사지비누 청소/욕실 욕실용품	청소/욕실 > 욕실용품
546	남성 발가락 단목 양말	남성 발가락 단목 양말 뷰티/위생 맨케어	뷰티/위생 > 맨케어
547	렛츠 클린 고중량 대형 청소포 25매 20 X 37 cm	렛츠 클린 고중량 대형 청소포 25매 20 X 37 cm 청소/욕실 청소도구	청소/욕실 > 청소도구
548	스티커 보관 케이스 대형	스티커 보관 케이스 대형 문구/팬시 노트/메모	문구/팬시 > 노트/메모
549	바세린 마스크팩 집중보습	바세린 마스크팩 집중보습 뷰티/위생 스킨케어	뷰티/위생 > 스킨케어
550	믹서기 모형 작동 완구	믹서기 모형 작동 완구 유아/완구 완구	유아/완구 > 완구
551	콜렉트 투명 하드 케이스	콜렉트 투명 하드 케이스 기타 미분류	기타 > 미분류
552	하나로 전자 라이터	하나로 전자 라이터 문구/팬시 학용품	문구/팬시 > 학용품
553	스퀘어 북스탠드 높은형 아이보리	스퀘어 북스탠드 높은형 아이보리 인테리어/원예 조명	인테리어/원예 > 조명
554	베이킹소다 손걸레 청소용 티슈 100매	베이킹소다 손걸레 청소용 티슈 100매 뷰티/위생 화장지/물티슈	뷰티/위생 > 화장지/물티슈
555	라운드 논슬립 옷걸이 5개입 화이트	라운드 논슬립 옷걸이 5개입 화이트 뷰티/위생 메이크업	뷰티/위생 > 메이크업
556	직각 모서리 고정 장석	직각 모서리 고정 장석 기타 미분류	기타 > 미분류
557	손잡이형 비닐 봉투 블랙 5호 15매	손잡이형 비닐 봉투 블랙 5호 15매 기타 미분류	기타 > 미분류
558	HDPE 일회용 위생장갑 120매입	HDPE 일회용 위생장갑 120매입 주방용품 일회용품	주방용품 > 일회용품
559	디즈니 주토피아 휴대용 물티슈 20매입	디즈니 주토피아 휴대용 물티슈 20매입 뷰티/위생 화장지/물티슈	뷰티/위생 > 화장지/물티슈
560	바세린 오리지널 프로텍팅 젤리 50 ml	바세린 오리지널 프로텍팅 젤리 50 ml 식품 과자/스낵	식품 > 과자/스낵
561	VT 리들샷 500 페이셜 부스팅 퍼스트 앰플 2ml*8개입	VT 리들샷 500 페이셜 부스팅 퍼스트 앰플 2ml*8개입 반려동물 강아지용품	반려동물 > 강아지용품
562	순면 면장갑 2켤레	순면 면장갑 2켤레 패션/잡화 우산/장갑	패션/잡화 > 우산/장갑
563	과일나라 알로에베라 모이스처 아쿠아 수딩 젤 미스트 310 ml	과일나라 알로에베라 모이스처 아쿠아 수딩 젤 미스트 310 ml 기타 미분류	기타 > 미분류
564	일회용 변기 클리너 리필 6P	일회용 변기 클리너 리필 6P 주방용품 일회용품	주방용품 > 일회용품
565	손잡이 도트무늬 컵	손잡이 도트무늬 컵 주방용품 잔/컵/물병	주방용품 > 잔/컵/물병
566	사선 물 빠짐 비누받침	사선 물 빠짐 비누받침 청소/욕실 욕실용품	청소/욕실 > 욕실용품
567	뽑아 쓰는 키친 타월 100매	뽑아 쓰는 키친 타월 100매 기타 미분류	기타 > 미분류
568	더랩 바이 블랑두 클리어 히알 물광 부스터 앰플 30 ml	더랩 바이 블랑두 클리어 히알 물광 부스터 앰플 30 ml 식품 음료	식품 > 음료
569	테니스공 의자 발 커버 대형 4개입 그레이	테니스공 의자 발 커버 대형 4개입 그레이 문구/팬시 학용품	문구/팬시 > 학용품
570	[01 라이트 베이지] 드롭비 컬러즈 커버픽 파운데이션 리뉴 35 g	[01 라이트 베이지] 드롭비 컬러즈 커버픽 파운데이션 리뉴 35 g 뷰티/위생 메이크업	뷰티/위생 > 메이크업
571	오뚜기 옛날 사골곰탕 350 ml	오뚜기 옛날 사골곰탕 350 ml 기타 미분류	기타 > 미분류
572	[화잘먹템] 미모 바이 마몽드 로지-히알론 리퀴드 마스크 2 ml 6개입 (아모레퍼시픽)	[화잘먹템] 미모 바이 마몽드 로지-히알론 리퀴드 마스크 2 ml 6개입 (아모레퍼시픽) 반려동물 강아지용품	반려동물 > 강아지용품
573	렛츠 클린 주방 행주 티슈 120매 캡형	렛츠 클린 주방 행주 티슈 120매 캡형 뷰티/위생 화장지/물티슈	뷰티/위생 > 화장지/물티슈
574	퍼피 촉촉쿠션 통퍼프	퍼피 촉촉쿠션 통퍼프 뷰티/위생 메이크업	뷰티/위생 > 메이크업
575	휘어지는 말랑핏 저장 용기 2L 스카이블루	휘어지는 말랑핏 저장 용기 2L 스카이블루 기타 미분류	기타 > 미분류
576	일리 클래식 로스트 12개입	일리 클래식 로스트 12개입 반려동물 강아지용품	반려동물 > 강아지용품
577	허쉬 초코팝콘 50g	허쉬 초코팝콘 50g 기타 미분류	기타 > 미분류
578	실리콘 스푼 대형	실리콘 스푼 대형 기타 미분류	기타 > 미분류
579	청소기 모형 작동 완구	청소기 모형 작동 완구 청소/욕실 청소도구	청소/욕실 > 청소도구
580	3색 초저점도 볼펜 0.7mm 2P	3색 초저점도 볼펜 0.7mm 2P 문구/팬시 필기구	문구/팬시 > 필기구
581	VT 리들샷 페이셜 레디언스 글루타치온 에센스 2ml*6개입	VT 리들샷 페이셜 레디언스 글루타치온 에센스 2ml*6개입 뷰티/위생 스킨케어	뷰티/위생 > 스킨케어
582	핫팩아이마스크1P	핫팩아이마스크1P 뷰티/위생 스킨케어	뷰티/위생 > 스킨케어
583	미니 포켓 물티슈 9매입 4개	미니 포켓 물티슈 9매입 4개 뷰티/위생 화장지/물티슈	뷰티/위생 > 화장지/물티슈
584	테라스킨 방수밴드 표준형 50매	테라스킨 방수밴드 표준형 50매 뷰티/위생 스킨케어	뷰티/위생 > 스킨케어
585	대왕 물방울 팡팡 퍼프	대왕 물방울 팡팡 퍼프 식품 음료	식품 > 음료
586	[입수 UP] 디자인 종이컵 184 ml 100개입	[입수 UP] 디자인 종이컵 184 ml 100개입 주방용품 잔/컵/물병	주방용품 > 잔/컵/물병
587	속옷정리함 8칸	속옷정리함 8칸 수납/정리 수납함	수납/정리 > 수납함
588	추억의 어포 튀각 32 g	추억의 어포 튀각 32 g 기타 미분류	기타 > 미분류
589	바세린 마스크팩 영양보습	바세린 마스크팩 영양보습 뷰티/위생 스킨케어	뷰티/위생 > 스킨케어
590	동구밭 더 간편한 베이킹 소다 설거지 비누 150 g	동구밭 더 간편한 베이킹 소다 설거지 비누 150 g 주방용품 주방잡화	주방용품 > 주방잡화
591	2채널 유선 스피커 LED 스피커	2채널 유선 스피커 LED 스피커 기타 미분류	기타 > 미분류
592	목도리형 온열 패드 1개입	목도리형 온열 패드 1개입 패션/잡화 우산/장갑	패션/잡화 > 우산/장갑
593	더랩 바이 블랑두 클리어 히알 물광 크림 50 ml	더랩 바이 블랑두 클리어 히알 물광 크림 50 ml 뷰티/위생 스킨케어	뷰티/위생 > 스킨케어
594	모나미 FX153 0.5 mm 검정	모나미 FX153 0.5 mm 검정 기타 미분류	기타 > 미분류
595	마블 코팅 튀김팬 24cm	마블 코팅 튀김팬 24cm 기타 미분류	기타 > 미분류
596	네오덤 울트라신	네오덤 울트라신 기타 미분류	기타 > 미분류
597	휴대폰 강화 유리 필름 블루라이트 차단 아이폰16 플러스	휴대폰 강화 유리 필름 블루라이트 차단 아이폰16 플러스 식품 음료	식품 > 음료
598	일회용 베이킹소다 수세미 30매입	일회용 베이킹소다 수세미 30매입 주방용품 주방잡화	주방용품 > 주방잡화
599	세탁기 모형 작동 완구	세탁기 모형 작동 완구 청소/욕실 세탁용품	청소/욕실 > 세탁용품
600	요리용 면주머니 (대)	요리용 면주머니 (대) 기타 미분류	기타 > 미분류
601	송월 코마사 세면 타월 40 X 80 cm 딥베이지	송월 코마사 세면 타월 40 X 80 cm 딥베이지 기타 미분류	기타 > 미분류
